name,email,city,job,company
Gregory White,jeffrey54@example.org,Michaelland,Personal assistant,"Trevino, Nguyen and Davis"
Timothy Swanson,pamelaortiz@example.com,Evanview,Health and safety inspector,"Boyd, Strong and Mcgee"
Rodney Walker,goodwinjennifer@example.net,Joseside,"Optician, dispensing",Brown PLC
Nicholas Caldwell,thomasaustin@example.com,New Michelle,Wellsite geologist,"Anderson, Morton and Fields"
Patricia Mckee,nathan59@example.org,Lake Debra,Glass blower/designer,"Hill, Benson and Cooke"
Rebecca Davis,hernandeztoni@example.org,North Breanna,"Radiographer, therapeutic","Ortiz, Gordon and Rivera"
Sabrina Mcintosh,katiecampbell@example.net,New Kevinchester,Fast food restaurant manager,"Garcia, Miller and Green"
Aaron Gonzalez,jameslyons@example.org,Lake Jessicaside,Private music teacher,Scott and Sons
Kimberly Stokes,gina93@example.org,Livingstontown,Sports development officer,Mcintyre and Sons
David Gonzalez,lopeztiffany@example.org,Kelseyport,Product designer,Johnson LLC
Mary Thompson,masseyjon@example.net,East Markmouth,"Engineer, site",Thomas-Bell
John Davis,stevemarsh@example.net,Brittanyborough,Science writer,"Coleman, Porter and Smith"
Thomas Cannon,brownjill@example.net,Heathermouth,Astronomer,Cantrell-Johnson
Clayton Vargas,ghanson@example.net,East Mark,Armed forces operational officer,"Silva, Salinas and Mills"
Jennifer Rollins,lyoung@example.net,Joshuafort,"Scientist, biomedical","Guzman, Eaton and Juarez"
Michelle Chase,susannorman@example.net,Cisnerosside,"Sales professional, IT","Underwood, Mccullough and Ward"
Aaron Franklin,phillipsnyder@example.com,Lake Kathryn,Trade union research officer,"Davenport, Simmons and Swanson"
Dawn Foster,garciamark@example.com,East Ann,"Surveyor, quantity",Burns-Anderson
Nicholas West,cedwards@example.net,Joestad,Logistics and distribution manager,Norton-Yoder
Kimberly Mitchell,wagnermelissa@example.com,Stoutshire,Occupational therapist,"Meyer, Sosa and Mckinney"
Alexander King,lawrencemorris@example.org,Alexischester,Statistician,Beck Group
Eric Hernandez,zunigavanessa@example.net,Melaniemouth,"Lecturer, further education",Collins-Thomas
Mr. Kevin Manning,stacy94@example.org,Lake Ericside,Science writer,"Schneider, James and Berry"
Jessica Dyer,elizabeth81@example.com,Stevensland,Chief Strategy Officer,"Hughes, Carter and Porter"
Carmen Johnston,brian48@example.org,Lake Lisaton,"Surveyor, rural practice",Walls LLC
John Fowler,mcleanmary@example.net,Salazarport,Music tutor,"Mclaughlin, Sims and Collins"
William Mercer,eho@example.org,Lake Ethan,Retail merchandiser,Brown Ltd
Dylan Morse,maryalexander@example.net,East Donton,"Designer, graphic",Brown PLC
Karen Wright,umiller@example.com,Wongbury,"Secretary, company",Mack-Turner
Luis Kirby,judydominguez@example.com,New Johnport,Secretary/administrator,Cooper-Rodriguez
Rebecca Chaney,dbanks@example.org,New Sheilaville,Broadcast journalist,"Valenzuela, Oliver and Hunter"
Philip Sweeney,blambert@example.com,Lake Jakechester,"Civil engineer, consulting",Perkins and Sons
Alex Freeman,matthew93@example.com,Anthonytown,"Development worker, international aid","Smith, Mathis and Woods"
Gary Warner,victoria23@example.net,Annemouth,"Runner, broadcasting/film/video",Moore-Norman
Molly Hebert,chelsea80@example.net,North Jessica,"Geologist, engineering",Wright LLC
Dylan Parker,christopher13@example.org,Lake Roy,Electrical engineer,Phillips-Nelson
Aaron Hodge,adavid@example.org,Port Jamie,Art therapist,Young LLC
Kathleen Leon,sgriffith@example.org,North Sandraburgh,Administrator,"Dawson, Zuniga and Bradley"
Nicole Vasquez,emily06@example.net,Martinezland,"Editor, film/video",Short LLC
Leslie Davis,schroedersarah@example.org,Kathleenmouth,"Psychologist, prison and probation services","Adams, Hall and Sims"
Alfred Solomon,mitchellpatrick@example.com,Mcphersonview,"Engineer, control and instrumentation","Elliott, Campos and Graham"
Paige Walker,lydiaserrano@example.com,Port Stephenmouth,Company secretary,"Lyons, Stanton and Stokes"
Tara Flowers,gregorybooth@example.net,New Meganville,Theatre director,Calderon-Johnson
Christopher Ruiz,christine68@example.net,Monicatown,"Engineer, water",Long-Howard
Amanda Hoover,ecraig@example.com,Jasonfort,Chartered legal executive (England and Wales),Mcdonald-Harrington
Michael Proctor,cflores@example.net,Ronaldshire,Learning disability nurse,Guerrero LLC
Martin Hernandez,tony19@example.com,Sydneyland,"Teacher, primary school",Mosley-Cantu
Curtis Jefferson,huberelizabeth@example.org,West Shawn,Logistics and distribution manager,"Gates, Bennett and Willis"
Michele Wheeler,smcgee@example.com,Ashleyland,"Designer, exhibition/display",Myers-Jones
Troy Vasquez,jillherrera@example.org,Port Jerryshire,"Merchandiser, retail",Mclean-Jackson
